path,slug,variant,base_local,base_s3,prompt,nim_safe_prompt,t2i_prompt,ratio,done
content/scenes/acuario/assets/acuario__night.png,acuario,night,content/scenes/acuario/assets/acuario__default.png,s3://las-flores/backgrounds/acuario/acuario__default.png,"Use the base scene as reference. Floor-level perspective looking toward entrance. Bright interior lighting maintains the welcoming promotional look from the visitor's viewpoint. Holographic displays in the reef tunnel glow vibrantly against the dark exterior visible through the entrance. Exterior shows dark parking lot with scattered vehicle lights. Warm ceiling lights create an inviting atmosphere. The linear path recedes into the distance behind the camera position. Same layout, same graphic novel style, no people. Clean confident linework, painterly soft shading, bright promotional palette with high-contrast between interior and exterior.","Use the base scene as reference. Floor-level perspective looking toward entrance. Bright interior lighting maintains the welcoming promotional look from the visitor's viewpoint. Holographic displays in the reef tunnel glow vibrantly against the dark exterior visible through the entrance. Exterior shows dark parking lot with scattered vehicle lights. Warm ceiling lights create an inviting atmosphere. The linear path recedes into the distance behind the camera position. Same layout, same graphic novel style, no people. Clean confident linework, painterly soft shading, bright promotional palette with high-contrast between interior and exterior.","Promotional daytime interior shot of Acuario Las Flores in Las Flores 2077, from floor-level visitor perspective looking toward the entrance. Floor-level perspective looking toward entrance. Bright interior lighting maintains the welcoming promotional look from the visitor's viewpoint. Holographic displays in the reef tunnel glow vibrantly against the dark exterior visible through the entrance. Exterior shows dark parking lot with scattered vehicle lights. Warm ceiling lights create an inviting atmosphere. The linear path recedes into the distance behind the camera position. Same layout, same graphic novel style, no people. Clean confident linework, painterly soft shading, bright promotional palette with high-contrast between interior and exterior.",5:3,1
content/scenes/acuario/assets/acuario__sunset.png,acuario,sunset,content/scenes/acuario/assets/acuario__default.png,s3://las-flores/backgrounds/acuario/acuario__default.png,"Use the base scene as reference. Floor-level perspective with warm golden-hour light spilling through the entrance, mixing with bright holographic displays to create a rich, promotional atmosphere. Holographic displays in the tunnel have amber-tinted highlights. The interior maintains its bright, welcoming look while the entrance glows with sunset warmth. Parking lot visible through the entrance is bathed in orange light. Same layout, same graphic novel style, no people. Clean confident linework, painterly soft shading, warm bright palette.","Use the base scene as reference. Floor-level perspective with warm golden-hour light spilling through the entrance, mixing with bright holographic displays to create a rich, promotional atmosphere. Holographic displays in the tunnel have amber-tinted highlights. The interior maintains its bright, welcoming look while the entrance glows with sunset warmth. Parking lot visible through the entrance is bathed in orange light. Same layout, same graphic novel style, no people. Clean confident linework, painterly soft shading, warm bright palette.","Promotional daytime interior shot of Acuario Las Flores in Las Flores 2077, from floor-level visitor perspective looking toward the entrance. Floor-level perspective with warm golden-hour light spilling through the entrance, mixing with bright holographic displays to create a rich, promotional atmosphere. Holographic displays in the tunnel have amber-tinted highlights. The interior maintains its bright, welcoming look while the entrance glows with sunset warmth. Parking lot visible through the entrance is bathed in orange light. Same layout, same graphic novel style, no people. Clean confident linework, painterly soft shading, warm bright palette.",5:3,1
content/scenes/acuario/assets/acuario__rain.png,acuario,rain,content/scenes/acuario/assets/acuario__default.png,s3://las-flores/backgrounds/acuario/acuario__default.png,"Use the base scene as reference. Floor-level perspective with rain streaks running down the entrance glass. The interior remains bright and welcoming from this viewpoint. Parking lot outside appears wet with mirror-like reflections of the aquarium's bright lighting. Interior lighting is strong, creating a cozy contrast with the gloomy exterior. Concrete floor near entrance has scattered puddles with rippling reflections. Same layout, same graphic novel style, no people. Clean confident linework, painterly soft shading, bright interior vs cool exterior palette.","Use the base scene as reference. Floor-level perspective with rain streaks running down the entrance glass. The interior remains bright and welcoming from this viewpoint. Parking lot outside appears wet with mirror-like reflections of the aquarium's bright lighting. Interior lighting is strong, creating a cozy contrast with the gloomy exterior. Concrete floor near entrance has scattered puddles with rippling reflections. Same layout, same graphic novel style, no people. Clean confident linework, painterly soft shading, bright interior vs cool exterior palette.","Promotional daytime interior shot of Acuario Las Flores in Las Flores 2077, from floor-level visitor perspective looking toward the entrance. Floor-level perspective with rain streaks running down the entrance glass. The interior remains bright and welcoming from this viewpoint. Parking lot outside appears wet with mirror-like reflections of the aquarium's bright lighting. Interior lighting is strong, creating a cozy contrast with the gloomy exterior. Concrete floor near entrance has scattered puddles with rippling reflections. Same layout, same graphic novel style, no people. Clean confident linework, painterly soft shading, bright interior vs cool exterior palette.",5:3,1
content/scenes/aeropuerto/assets/aeropuerto__night.png,aeropuerto,night,content/scenes/aeropuerto/assets/aeropuerto__default.png,s3://las-flores/backgrounds/aeropuerto/aeropuerto__default.png,"Use the base scene as reference. Re-light the terminal as a night scene: darken the concourse, brighten the holographic departures board and neon accents, glass walls glow with runway lights and distant city lights, cooler blue palette. Same layout, same graphic novel style, no people. Clean confident linework with vector-like cleanliness, painterly soft shading, muted natural palette.","Use the base scene as reference. Re-light the terminal as a night scene: darken the concourse, brighten the holographic departures board and neon accents, glass walls glow with runway lights and distant city lights, cooler blue palette. Same layout, same graphic novel style, no people. Clean confident linework with vector-like cleanliness, painterly soft shading, muted natural palette.","The public arrivals and departures concourse of a Las Flores 2077 airport terminal. Vast, cool, bright hall with biometric gate arrays, automated ticketing kiosks, and a large holographic departures board cycling routes overhead. Re-light the terminal as a night scene: darken the concourse, brighten the holographic departures board and neon accents, glass walls glow with runway lights and distant city lights, cooler blue palette. Same layout, same graphic novel style, no people. Clean confident linework with vector-like cleanliness, painterly soft shading, muted natural palette. NO androids, no robots, no cybernetic humans, no extreme violence, no blood, no gore, no dismemberment, no guns, no modern day, no 2020s, no utopian, no pristine",5:3,1
content/scenes/aeropuerto/assets/aeropuerto__sunset.png,aeropuerto,sunset,content/scenes/aeropuerto/assets/aeropuerto__default.png,s3://las-flores/backgrounds/aeropuerto/aeropuerto__default.png,"Use the base scene as reference. Re-light the terminal with warm golden-hour sun pouring through the glass walls: amber highlights on the floor and kiosks, softer cool ceiling light, long sunbeams across the concourse. Same layout, same graphic novel style, no people. Clean confident linework with vector-like cleanliness, painterly soft shading, muted natural palette.","Use the base scene as reference. Re-light the terminal with warm golden-hour sun pouring through the glass walls: amber highlights on the floor and kiosks, softer cool ceiling light, long sunbeams across the concourse. Same layout, same graphic novel style, no people. Clean confident linework with vector-like cleanliness, painterly soft shading, muted natural palette.","The public arrivals and departures concourse of a Las Flores 2077 airport terminal. Vast, cool, bright hall with biometric gate arrays, automated ticketing kiosks, and a large holographic departures board cycling routes overhead. Re-light the terminal with warm golden-hour sun pouring through the glass walls: amber highlights on the floor and kiosks, softer cool ceiling light, long sunbeams across the concourse. Same layout, same graphic novel style, no people. Clean confident linework with vector-like cleanliness, painterly soft shading, muted natural palette. NO androids, no robots, no cybernetic humans, no extreme violence, no blood, no gore, no dismemberment, no guns, no modern day, no 2020s, no utopian, no pristine",5:3,1
content/scenes/apartment/assets/apartment__night.png,apartment,night,content/scenes/apartment/assets/apartment__default.png,s3://las-flores/backgrounds/apartment/apartment__default.png,"Use the base scene as reference. Re-light the apartment as a deep night scene: the room darker, neon street glow brighter through the rain-streaked window, cooler blue palette, warm lamp the only interior light. Same layout, same graphic novel style, no people. Clean confident linework with vector-like cleanliness, painterly soft shading, muted natural palette.","Use the base scene as reference. Re-light the apartment as a deep night scene: the room darker, neon street glow brighter through the rain-streaked window, cooler blue palette, warm lamp the only interior light. Same layout, same graphic novel style, no people. Clean confident linework with vector-like cleanliness, painterly soft shading, muted natural palette.","A small, sterile apartment interior in the Old Town suburbs of Las Flores 2077. Minimal furnishings, a charging port and terminal uplink, a functional bed, and a single window streaked with rain. Warm lamplight against cool neon bleeding through the glass, cozy and intimate. Re-light the apartment as a deep night scene: the room darker, neon street glow brighter through the rain-streaked window, cooler blue palette, warm lamp the only interior light. Same layout, same graphic novel style, no people. Clean confident linework with vector-like cleanliness, painterly soft shading, muted natural palette. NO androids, no robots, no cybernetic humans, no extreme violence, no blood, no gore, no dismemberment, no guns, no modern day, no 2020s, no utopian, no pristine",5:3,1
content/scenes/apartment/assets/apartment__sunset.png,apartment,sunset,content/scenes/apartment/assets/apartment__default.png,s3://las-flores/backgrounds/apartment/apartment__default.png,"Use the base scene as reference. Re-light the apartment with warm golden-hour light through the window: amber tones across the walls and floor, softer interior, the rain on the glass catching golden light. Same layout, same graphic novel style, no people. Clean confident linework with vector-like cleanliness, painterly soft shading, muted natural palette.","Use the base scene as reference. Re-light the apartment with warm golden-hour light through the window: amber tones across the walls and floor, softer interior, the rain on the glass catching golden light. Same layout, same graphic novel style, no people. Clean confident linework with vector-like cleanliness, painterly soft shading, muted natural palette.","A small, sterile apartment interior in the Old Town suburbs of Las Flores 2077. Minimal furnishings, a charging port and terminal uplink, a functional bed, and a single window streaked with rain. Warm lamplight against cool neon bleeding through the glass, cozy and intimate. Re-light the apartment with warm golden-hour light through the window: amber tones across the walls and floor, softer interior, the rain on the glass catching golden light. Same layout, same graphic novel style, no people. Clean confident linework with vector-like cleanliness, painterly soft shading, muted natural palette. NO androids, no robots, no cybernetic humans, no extreme violence, no blood, no gore, no dismemberment, no guns, no modern day, no 2020s, no utopian, no pristine",5:3,1
content/scenes/apartment/assets/apartment__day.png,apartment,day,content/scenes/apartment/assets/apartment__default.png,s3://las-flores/backgrounds/apartment/apartment__default.png,"Use the base scene as reference. Re-light the apartment as a clear dry day: bright natural daylight floods through the window, no rain on the glass, muted cool interior, crisp shadows. Same layout, same graphic novel style, no people. Clean confident linework with vector-like cleanliness, painterly soft shading, muted natural palette.","Use the base scene as reference. Re-light the apartment as a clear dry day: bright natural daylight floods through the window, no rain on the glass, muted cool interior, crisp shadows. Same layout, same graphic novel style, no people. Clean confident linework with vector-like cleanliness, painterly soft shading, muted natural palette.","A small, sterile apartment interior in the Old Town suburbs of Las Flores 2077. Minimal furnishings, a charging port and terminal uplink, a functional bed, and a single window streaked with rain. Warm lamplight against cool neon bleeding through the glass, cozy and intimate. Re-light the apartment as a clear dry day: bright natural daylight floods through the window, no rain on the glass, muted cool interior, crisp shadows. Same layout, same graphic novel style, no people. Clean confident linework with vector-like cleanliness, painterly soft shading, muted natural palette. NO androids, no robots, no cybernetic humans, no extreme violence, no blood, no gore, no dismemberment, no guns, no modern day, no 2020s, no utopian, no pristine",5:3,1
content/scenes/cafe/assets/cafe__night.png,cafe,night,content/scenes/cafe/assets/cafe__default.png,s3://las-flores/backgrounds/cafe/cafe__default.png,"Use the base scene as reference. Re-light the café as an evening scene: dim the room, warm golden overhead lamps, neon streetlight glowing through the front window, deeper shadows on the brick. Same layout, same graphic novel style, no people. Clean confident linework with vector-like cleanliness, painterly soft shading, muted natural palette.","Use the base scene as reference. Re-light the café as an evening scene: dim the room, warm golden overhead lamps, neon streetlight glowing through the front window, deeper shadows on the brick. Same layout, same graphic novel style, no people. Clean confident linework with vector-like cleanliness, painterly soft shading, muted natural palette.","A cozy, slightly worn coffee shop interior in the Old Town district of Las Flores 2077. Exposed brick walls, a worn wooden counter, an espresso machine venting steam, warm lamplight over small tables. Slow ambient mood, damp-brick character. Re-light the café as an evening scene: dim the room, warm golden overhead lamps, neon streetlight glowing through the front window, deeper shadows on the brick. Same layout, same graphic novel style, no people. Clean confident linework with vector-like cleanliness, painterly soft shading, muted natural palette. NO androids, no robots, no cybernetic humans, no extreme violence, no blood, no gore, no dismemberment, no guns, no modern day, no 2020s, no utopian, no pristine",5:3,1
content/scenes/cafe/assets/cafe__sunset.png,cafe,sunset,content/scenes/cafe/assets/cafe__default.png,s3://las-flores/backgrounds/cafe/cafe__default.png,"Use the base scene as reference. Re-light the café with golden-hour sun through the window: warm amber washes over the brick and counter, soft highlights on the espresso machine. Same layout, same graphic novel style, no people. Clean confident linework with vector-like cleanliness, painterly soft shading, muted natural palette.","Use the base scene as reference. Re-light the café with golden-hour sun through the window: warm amber washes over the brick and counter, soft highlights on the espresso machine. Same layout, same graphic novel style, no people. Clean confident linework with vector-like cleanliness, painterly soft shading, muted natural palette.","A cozy, slightly worn coffee shop interior in the Old Town district of Las Flores 2077. Exposed brick walls, a worn wooden counter, an espresso machine venting steam, warm lamplight over small tables. Slow ambient mood, damp-brick character. Re-light the café with golden-hour sun through the window: warm amber washes over the brick and counter, soft highlights on the espresso machine. Same layout, same graphic novel style, no people. Clean confident linework with vector-like cleanliness, painterly soft shading, muted natural palette. NO androids, no robots, no cybernetic humans, no extreme violence, no blood, no gore, no dismemberment, no guns, no modern day, no 2020s, no utopian, no pristine",5:3,1
content/scenes/central_plaza/assets/central_plaza__night.png,central_plaza,night,content/scenes/central_plaza/assets/central_plaza__default.png,s3://las-flores/backgrounds/central_plaza/central_plaza__default.png,"Use the base scene as reference. Re-light the plaza as a night scene: the fountain glowing, neon signs and holographic billboards blazing brighter, colonial façades in shadow, wet reflective pavement, cooler blue and magenta palette. Same layout, same graphic novel style, no people. Clean confident linework with vector-like cleanliness, painterly soft shading, muted natural palette.","Use the base scene as reference. Re-light the plaza as a night scene: the fountain glowing, neon signs and holographic billboards blazing brighter, colonial façades in shadow, wet reflective pavement, cooler blue and magenta palette. Same layout, same graphic novel style, no people. Clean confident linework with vector-like cleanliness, painterly soft shading, muted natural palette.","The Central Plaza of Las Flores 2077: a broad public square where colonial façades meet neon signage. A central fountain, street vendor stalls along the edges, flickering holographic billboards above the crowd. Re-light the plaza as a night scene: the fountain glowing, neon signs and holographic billboards blazing brighter, colonial façades in shadow, wet reflective pavement, cooler blue and magenta palette. Same layout, same graphic novel style, no people. Clean confident linework with vector-like cleanliness, painterly soft shading, muted natural palette. NO androids, no robots, no cybernetic humans, no extreme violence, no blood, no gore, no dismemberment, no guns, no modern day, no 2020s, no utopian, no pristine",5:3,1
content/scenes/central_plaza/assets/central_plaza__sunset.png,central_plaza,sunset,content/scenes/central_plaza/assets/central_plaza__default.png,s3://las-flores/backgrounds/central_plaza/central_plaza__default.png,"Use the base scene as reference. Re-light the plaza with golden-hour sun: long warm shadows across the square, amber rays between the buildings, the fountain catching warm light, neon just beginning to glow. Same layout, same graphic novel style, no people. Clean confident linework with vector-like cleanliness, painterly soft shading, muted natural palette.","Use the base scene as reference. Re-light the plaza with golden-hour sun: long warm shadows across the square, amber rays between the buildings, the fountain catching warm light, neon just beginning to glow. Same layout, same graphic novel style, no people. Clean confident linework with vector-like cleanliness, painterly soft shading, muted natural palette.","The Central Plaza of Las Flores 2077: a broad public square where colonial façades meet neon signage. A central fountain, street vendor stalls along the edges, flickering holographic billboards above the crowd. Warm afternoon sun blending with electric neon, vibrant and energetic. Re-light the plaza with golden-hour sun: long warm shadows across the square, amber rays between the buildings, the fountain catching warm light, neon just beginning to glow. Same layout, same graphic novel style, no people. Clean confident linework with vector-like cleanliness, painterly soft shading, muted natural palette. NO androids, no robots, no cybernetic humans, no extreme violence, no blood, no gore, no dismemberment, no guns, no modern day, no 2020s, no utopian, no pristine",5:3,1
content/scenes/estacion_central/assets/estacion_central__night.png,estacion_central,night,content/scenes/estacion_central/assets/estacion_central__default.png,s3://las-flores/backgrounds/estacion_central/estacion_central__default.png,"Use the base scene as reference. Re-light the platform as a late-night scene: the station dimmer, tunnel mouths glowing, neon signage brighter, track lights streaking in the dark, cooler blue palette. Same layout, same graphic novel style, no people. Clean confident linework with vector-like cleanliness, painterly soft shading, muted natural palette.","Use the base scene as reference. Re-light the platform as a late-night scene: the station dimmer, tunnel mouths glowing, neon signage brighter, track lights streaking in the dark, cooler blue palette. Same layout, same graphic novel style, no people. Clean confident linework with vector-like cleanliness, painterly soft shading, muted natural palette.","The main interchange platform of Estación Central in Las Flores 2077, where multiple metro lines converge below the commercial district. Surveillance arrays crowd the ceiling, automated turnstiles and kiosks line the platform, a holographic route map glows overhead. Re-light the platform as a late-night scene: the station dimmer, tunnel mouths glowing, neon signage brighter, track lights streaking in the dark, cooler blue palette. Same layout, same graphic novel style, no people. Clean confident linework with vector-like cleanliness, painterly soft shading, muted natural palette. NO androids, no robots, no cybernetic humans, no extreme violence, no blood, no gore, no dismemberment, no guns, no modern day, no 2020s, no utopian, no pristine",5:3,1
content/scenes/estacion_central/assets/estacion_central__sunset.png,estacion_central,sunset,content/scenes/estacion_central/assets/estacion_central__default.png,s3://las-flores/backgrounds/estacion_central/estacion_central__default.png,"Use the base scene as reference. Re-light the platform with warm golden-hour light slanting in from the street entrances: amber shafts across the platform, softer ceiling light, warm reflections on the rails. Same layout, same graphic novel style, no people. Clean confident linework with vector-like cleanliness, painterly soft shading, muted natural palette.","Use the base scene as reference. Re-light the platform with warm golden-hour light slanting in from the street entrances: amber shafts across the platform, softer ceiling light, warm reflections on the rails. Same layout, same graphic novel style, no people. Clean confident linework with vector-like cleanliness, painterly soft shading, muted natural palette.","The main interchange platform of Estación Central in Las Flores 2077, where multiple metro lines converge below the commercial district. Surveillance arrays crowd the ceiling, automated turnstiles and kiosks line the platform, a holographic route map glows overhead. Re-light the platform with warm golden-hour light slanting in from the street entrances: amber shafts across the platform, softer ceiling light, warm reflections on the rails. Same layout, same graphic novel style, no people. Clean confident linework with vector-like cleanliness, painterly soft shading, muted natural palette. NO androids, no robots, no cybernetic humans, no extreme violence, no blood, no gore, no dismemberment, no guns, no modern day, no 2020s, no utopian, no pristine",5:3,1
content/scenes/far_south/assets/far_south__night.png,far_south,night,content/scenes/far_south/assets/far_south__default.png,s3://las-flores/backgrounds/far_south/far_south__default.png,"Use the base scene as reference. Re-light the farmland as a night scene: dark fields under a wide starry sky, the city's glow on the horizon, homestead windows and a single security light dotting the dark. Same layout, same graphic novel style, no people. Clean confident linework with vector-like cleanliness, painterly soft shading, muted natural palette.","Use the base scene as reference. Re-light the farmland as a night scene: dark fields under a wide starry sky, the city's glow on the horizon, homestead windows and a single security light dotting the dark. Same layout, same graphic novel style, no people. Clean confident linework with vector-like cleanliness, painterly soft shading, muted natural palette.","The rural edge of Las Flores 2077: open farmland and scattered homesteads where the city yields to agricultural land. An unpaved dusty road winds past crop fields and rooftops fitted with solar panels, a distant haze marking the city. Soft natural afternoon light, serene and isolated. Re-light the farmland as a night scene: dark fields under a wide starry sky, the city's glow on the horizon, homestead windows and a single security light dotting the dark. Same layout, same graphic novel style, no people. Clean confident linework with vector-like cleanliness, painterly soft shading, muted natural palette. NO androids, no robots, no cybernetic humans, no extreme violence, no blood, no gore, no dismemberment, no guns, no modern day, no 2020s, no utopian, no pristine",5:3,1
content/scenes/far_south/assets/far_south__sunset.png,far_south,sunset,content/scenes/far_south/assets/far_south__default.png,s3://las-flores/backgrounds/far_south/far_south__default.png,"Use the base scene as reference. Re-light the farmland with golden-hour sun: long warm shadows across the crops, amber sky, solar panels catching the last light. Same layout, same graphic novel style, no people. Clean confident linework with vector-like cleanliness, painterly soft shading, muted natural palette.","Use the base scene as reference. Re-light the farmland with golden-hour sun: long warm shadows across the crops, amber sky, solar panels catching the last light. Same layout, same graphic novel style, no people. Clean confident linework with vector-like cleanliness, painterly soft shading, muted natural palette.","The rural edge of Las Flores 2077: open farmland and scattered homesteads where the city yields to agricultural land. An unpaved dusty road winds past crop fields and rooftops fitted with solar panels, a distant haze marking the city. Soft natural afternoon light, serene and isolated. Re-light the farmland with golden-hour sun: long warm shadows across the crops, amber sky, solar panels catching the last light. Same layout, same graphic novel style, no people. Clean confident linework with vector-like cleanliness, painterly soft shading, muted natural palette. NO androids, no robots, no cybernetic humans, no extreme violence, no blood, no gore, no dismemberment, no guns, no modern day, no 2020s, no utopian, no pristine",5:3,1
content/scenes/industrial/assets/industrial__night.png,industrial,night,content/scenes/industrial/assets/industrial__default.png,s3://las-flores/backgrounds/industrial/industrial__default.png,"Use the base scene as reference. Re-light the district as a night scene: dark sky, smokestacks silhouetted, warm industrial lamps and neon yard lights glowing, steam lit from below, cooler blue-black palette. Same layout, same graphic novel style, no people. Clean confident linework with vector-like cleanliness, painterly soft shading, muted natural palette.","Use the base scene as reference. Re-light the district as a night scene: dark sky, smokestacks silhouetted, warm industrial lamps and neon yard lights glowing, steam lit from below, cooler blue-black palette. Same layout, same graphic novel style, no people. Clean confident linework with vector-like cleanliness, painterly soft shading, muted natural palette.","The industrial backbone of Las Flores 2077: factories and warehouses line the streets, smokestacks mixing with humid air. Steam vents over rain-slicked asphalt, loading bays gape open, filtration systems hum in the haze. Gritty and hard-edged beneath industrial light. Re-light the district as a night scene: dark sky, smokestacks silhouetted, warm industrial lamps and neon yard lights glowing, steam lit from below, cooler blue-black palette. Same layout, same graphic novel style, no people. Clean confident linework with vector-like cleanliness, painterly soft shading, muted natural palette. NO androids, no robots, no cybernetic humans, no extreme violence, no blood, no gore, no dismemberment, no guns, no modern day, no 2020s, no utopian, no pristine",5:3,1
content/scenes/industrial/assets/industrial__sunset.png,industrial,sunset,content/scenes/industrial/assets/industrial__default.png,s3://las-flores/backgrounds/industrial/industrial__default.png,"Use the base scene as reference. Re-light the district with a golden-orange sunset: the haze glowing amber around the smokestacks, long shadows across the loading bays, warm light on the wet pavement. Same layout, same graphic novel style, no people. Clean confident linework with vector-like cleanliness, painterly soft shading, muted natural palette.","Use the base scene as reference. Re-light the district with a golden-orange sunset: the haze glowing amber around the smokestacks, long shadows across the loading bays, warm light on the wet pavement. Same layout, same graphic novel style, no people. Clean confident linework with vector-like cleanliness, painterly soft shading, muted natural palette.","The industrial backbone of Las Flores 2077: factories and warehouses line the streets, smokestacks mixing with humid air. Steam vents over rain-slicked asphalt, loading bays gape open, filtration systems hum in the haze. Gritty and hard-edged beneath industrial light. Re-light the district with a golden-orange sunset: the haze glowing amber around the smokestacks, long shadows across the loading bays, warm light on the wet pavement. Same layout, same graphic novel style, no people. Clean confident linework with vector-like cleanliness, painterly soft shading, muted natural palette. NO androids, no robots, no cybernetic humans, no extreme violence, no blood, no gore, no dismemberment, no guns, no modern day, no 2020s, no utopian, no pristine",5:3,1
content/scenes/la_casa_de_la_musica/assets/la_casa_de_la_musica__night.png,la_casa_de_la_musica,night,content/scenes/la_casa_de_la_musica/assets/la_casa_de_la_musica__default.png,s3://las-flores/backgrounds/la_casa_de_la_musica/la_casa_de_la_musica__default.png,"Use the base scene as reference. Re-light the venue as an active night club: the holographic light rig blazing with volumetric beams, deep shadows in the rafters, pulsing neon accent lights, richer color contrast. Same layout, same graphic novel style, no people. Clean confident linework with vector-like cleanliness, painterly soft shading, muted natural palette.","Use the base scene as reference. Re-light the venue as an active night club: the holographic light rig blazing with volumetric beams, deep shadows in the rafters, pulsing neon accent lights, richer color contrast. Same layout, same graphic novel style, no people. Clean confident linework with vector-like cleanliness, painterly soft shading, muted natural palette.","The main performance floor of La Casa de la Música in Las Flores 2077, a converted textile warehouse. A holographic light rig hangs in standby over the open floor, acoustic panels line the exposed steel rafters, and warm stage light pools at the center. Energetic and expectant. Re-light the venue as an active night club: the holographic light rig blazing with volumetric beams, deep shadows in the rafters, pulsing neon accent lights, richer color contrast. Same layout, same graphic novel style, no people. Clean confident linework with vector-like cleanliness, painterly soft shading, muted natural palette. NO androids, no robots, no cybernetic humans, no extreme violence, no blood, no gore, no dismemberment, no guns, no modern day, no 2020s, no utopian, no pristine",5:3,1
content/scenes/la_casa_de_la_musica/assets/la_casa_de_la_musica__sunset.png,la_casa_de_la_musica,sunset,content/scenes/la_casa_de_la_musica/assets/la_casa_de_la_musica__default.png,s3://las-flores/backgrounds/la_casa_de_la_musica/la_casa_de_la_musica__default.png,"Use the base scene as reference. Re-light the venue with warm golden-hour light through the warehouse windows: amber washes across the floor and rafters, the light rig softly glowing, dust in the sunbeams. Same layout, same graphic novel style, no people. Clean confident linework with vector-like cleanliness, painterly soft shading, muted natural palette.","Use the base scene as reference. Re-light the venue with warm golden-hour light through the warehouse windows: amber washes across the floor and rafters, the light rig softly glowing, dust in the sunbeams. Same layout, same graphic novel style, no people. Clean confident linework with vector-like cleanliness, painterly soft shading, muted natural palette.","The main performance floor of La Casa de la Música in Las Flores 2077, a converted textile warehouse. A holographic light rig hangs in standby over the open floor, acoustic panels line the exposed steel rafters, and warm stage light pools at the center. Energetic and expectant. Re-light the venue with warm golden-hour light through the warehouse windows: amber washes across the floor and rafters, the light rig softly glowing, dust in the sunbeams. Same layout, same graphic novel style, no people. Clean confident linework with vector-like cleanliness, painterly soft shading, muted natural palette. NO androids, no robots, no cybernetic humans, no extreme violence, no blood, no gore, no dismemberment, no guns, no modern day, no 2020s, no utopian, no pristine",5:3,1
content/scenes/los_andes/assets/los_andes__night.png,los_andes,night,content/scenes/los_andes/assets/los_andes__default.png,s3://las-flores/backgrounds/los_andes/los_andes__default.png,"Use the base scene as reference. Re-light the heights as a night scene: the residential terraces softly lit, the entire city below glittering with neon and streetlights, a wide starry mountain sky above. Same layout, same graphic novel style, no people. Clean confident linework with vector-like cleanliness, painterly soft shading, muted natural palette.","Use the base scene as reference. Re-light the heights as a night scene: the residential terraces softly lit, the entire city below glittering with neon and streetlights, a wide starry mountain sky above. Same layout, same graphic novel style, no people. Clean confident linework with vector-like cleanliness, painterly soft shading, muted natural palette.","The elevated heights of Los Andes in Las Flores 2077: a sweeping terrace overlooking the city far below. Pristine modernist residences with clean angular architecture, clear mountain air, bright daylight, the glittering valley stretching to the coast. Exclusive and serene. Re-light the heights as a night scene: the residential terraces softly lit, the entire city below glittering with neon and streetlights, a wide starry mountain sky above. Same layout, same graphic novel style, no people. Clean confident linework with vector-like cleanliness, painterly soft shading, muted natural palette. NO androids, no robots, no cybernetic humans, no extreme violence, no blood, no gore, no dismemberment, no guns, no modern day, no 2020s, no oversaturated colors,",5:3,1
content/scenes/los_andes/assets/los_andes__sunset.png,los_andes,sunset,content/scenes/los_andes/assets/los_andes__default.png,s3://las-flores/backgrounds/los_andes/los_andes__default.png,"Use the base scene as reference. Re-light the heights with a golden-hour sunset: warm amber washing over the modernist residences and the valley below, long mountain shadows, the city catching the last light. Same layout, same graphic novel style, no people. Clean confident linework with vector-like cleanliness, painterly soft shading, muted natural palette.","Use the base scene as reference. Re-light the heights with a golden-hour sunset: warm amber washing over the modernist residences and the valley below, long mountain shadows, the city catching the last light. Same layout, same graphic novel style, no people. Clean confident linework with vector-like cleanliness, painterly soft shading, muted natural palette.","The elevated heights of Los Andes in Las Flores 2077: a sweeping terrace overlooking the city far below. Pristine modernist residences with clean angular architecture, clear mountain air, bright daylight, the glittering valley stretching to the coast. Exclusive and serene. Re-light the heights with a golden-hour sunset: warm amber washing over the modernist residences and the valley below, long mountain shadows, the city catching the last light. Same layout, same graphic novel style, no people. Clean confident linework with vector-like cleanliness, painterly soft shading, muted natural palette. NO androids, no robots, no cybernetic humans, no extreme violence, no blood, no gore, no dismemberment, no guns, no modern day, no 2020s, no oversaturated colors,",5:3,1
content/scenes/north/assets/north__night.png,north,night,content/scenes/north/assets/north__default.png,s3://las-flores/backgrounds/north/north__default.png,"Use the base scene as reference. Re-light the avenue as an evening scene: storefront windows glowing warm, neat streetlights, a few neon accents, the residential windows lit, calm night palette. Same layout, same graphic novel style, no people. Clean confident linework with vector-like cleanliness, painterly soft shading, muted natural palette.","Use the base scene as reference. Re-light the avenue as an evening scene: storefront windows glowing warm, neat streetlights, a few neon accents, the residential windows lit, calm night palette. Same layout, same graphic novel style, no people. Clean confident linework with vector-like cleanliness, painterly soft shading, muted natural palette.","A residential avenue in the Northern District of Las Flores 2077: mixed-use blocks of mid-rise housing and small commercial storefronts. A wide street with modest signage, a neighborhood park, and warm detail in the façades. Even daylight, familiar and comfortable. Re-light the avenue as an evening scene: storefront windows glowing warm, neat streetlights, a few neon accents, the residential windows lit, calm night palette. Same layout, same graphic novel style, no people. Clean confident linework with vector-like cleanliness, painterly soft shading, muted natural palette. NO androids, no robots, no cybernetic humans, no extreme violence, no blood, no gore, no dismemberment, no guns, no modern day, no 2020s, no utopian, no pristine",5:3,1
content/scenes/north/assets/north__sunset.png,north,sunset,content/scenes/north/assets/north__default.png,s3://las-flores/backgrounds/north/north__default.png,"Use the base scene as reference. Re-light the avenue with golden-hour sun: long warm shadows, amber light on the building façades, the street glowing in the last daylight. Same layout, same graphic novel style, no people. Clean confident linework with vector-like cleanliness, painterly soft shading, muted natural palette.","Use the base scene as reference. Re-light the avenue with golden-hour sun: long warm shadows, amber light on the building façades, the street glowing in the last daylight. Same layout, same graphic novel style, no people. Clean confident linework with vector-like cleanliness, painterly soft shading, muted natural palette.","A residential avenue in the Northern District of Las Flores 2077: mixed-use blocks of mid-rise housing and small commercial storefronts. A wide street with modest signage, a neighborhood park, and warm detail in the façades. Even daylight, familiar and comfortable. Re-light the avenue with golden-hour sun: long warm shadows, amber light on the building façades, the street glowing in the last daylight. Same layout, same graphic novel style, no people. Clean confident linework with vector-like cleanliness, painterly soft shading, muted natural palette. NO androids, no robots, no cybernetic humans, no extreme violence, no blood, no gore, no dismemberment, no guns, no modern day, no 2020s, no utopian, no pristine",5:3,1
content/scenes/northeast/assets/northeast__night.png,northeast,night,content/scenes/northeast/assets/northeast__default.png,s3://las-flores/backgrounds/northeast/northeast__default.png,"Use the base scene as reference. Re-light the quarter as a night scene: cranes silhouetted against a dark sky, work-site floodlights and glowing new façades, the older buildings in shadow, cooler blue palette. Same layout, same graphic novel style, no people. Clean confident linework with vector-like cleanliness, painterly soft shading, muted natural palette.","Use the base scene as reference. Re-light the quarter as a night scene: cranes silhouetted against a dark sky, work-site floodlights and glowing new façades, the older buildings in shadow, cooler blue palette. Same layout, same graphic novel style, no people. Clean confident linework with vector-like cleanliness, painterly soft shading, muted natural palette.","A street in the rapidly developing Northeast Quarter of Las Flores 2077. New towers rise beside aging buildings, scaffolding and construction cranes dominate the skyline, raw concrete and fresh glass clash with weathered façades. Bright, transitional, uneven. Re-light the quarter as a night scene: cranes silhouetted against a dark sky, work-site floodlights and glowing new façades, the older buildings in shadow, cooler blue palette. Same layout, same graphic novel style, no people. Clean confident linework with vector-like cleanliness, painterly soft shading, muted natural palette. NO androids, no robots, no cybernetic humans, no extreme violence, no blood, no gore, no dismemberment, no guns, no modern day, no 2020s, no utopian, no pristine",5:3,1
content/scenes/northeast/assets/northeast__sunset.png,northeast,sunset,content/scenes/northeast/assets/northeast__default.png,s3://las-flores/backgrounds/northeast/northeast__default.png,"Use the base scene as reference. Re-light the quarter with a golden sunset: amber light reflecting off the new glass towers, long shadows from the scaffolding, warm glow on the raw concrete. Same layout, same graphic novel style, no people. Clean confident linework with vector-like cleanliness, painterly soft shading, muted natural palette.","Use the base scene as reference. Re-light the quarter with a golden sunset: amber light reflecting off the new glass towers, long shadows from the scaffolding, warm glow on the raw concrete. Same layout, same graphic novel style, no people. Clean confident linework with vector-like cleanliness, painterly soft shading, muted natural palette.","A street in the rapidly developing Northeast Quarter of Las Flores 2077. New towers rise beside aging buildings, scaffolding and construction cranes dominate the skyline, raw concrete and fresh glass clash with weathered façades. Bright, transitional, uneven. Re-light the quarter with a golden sunset: amber light reflecting off the new glass towers, long shadows from the scaffolding, warm glow on the raw concrete. Same layout, same graphic novel style, no people. Clean confident linework with vector-like cleanliness, painterly soft shading, muted natural palette. NO androids, no robots, no cybernetic humans, no extreme violence, no blood, no gore, no dismemberment, no guns, no modern day, no 2020s, no utopian, no pristine",5:3,1
content/scenes/pacific/assets/pacific__night.png,pacific,night,content/scenes/pacific/assets/pacific__default.png,s3://las-flores/backgrounds/pacific/pacific__default.png,"Use the base scene as reference. Re-light the coast as a night scene: the harbour lit by mooring lamps and neon from the market stalls, reflections shimmering on the dark water, the fishing fleet at rest. Same layout, same graphic novel style, no people. Clean confident linework with vector-like cleanliness, painterly soft shading, muted natural palette.","Use the base scene as reference. Re-light the coast as a night scene: the harbour lit by mooring lamps and neon from the market stalls, reflections shimmering on the dark water, the fishing fleet at rest. Same layout, same graphic novel style, no people. Clean confident linework with vector-like cleanliness, painterly soft shading, muted natural palette.","The Pacific edge of Las Flores 2077: fishing boats moored in a working harbour, seafood market stalls along the waterfront, salt-worn docks and coiled ropes. The tide is rising beneath a misty coastal sky as harbour lights begin to glow. Maritime and salt-worn. Re-light the coast as a night scene: the harbour lit by mooring lamps and neon from the market stalls, reflections shimmering on the dark water, the fishing fleet at rest. Same layout, same graphic novel style, no people. Clean confident linework with vector-like cleanliness, painterly soft shading, muted natural palette. NO androids, no robots, no cybernetic humans, no extreme violence, no blood, no gore, no dismemberment, no guns, no modern day, no 2020s, no utopian, no pristine",5:3,1
content/scenes/pacific/assets/pacific__sunset.png,pacific,sunset,content/scenes/pacific/assets/pacific__default.png,s3://las-flores/backgrounds/pacific/pacific__default.png,"Use the base scene as reference. Re-light the coast with a golden-hour sunset: warm amber over the water and boat hulls, long shadows on the docks, the market stalls catching the last light. Same layout, same graphic novel style, no people. Clean confident linework with vector-like cleanliness, painterly soft shading, muted natural palette.","Use the base scene as reference. Re-light the coast with a golden-hour sunset: warm amber over the water and boat hulls, long shadows on the docks, the market stalls catching the last light. Same layout, same graphic novel style, no people. Clean confident linework with vector-like cleanliness, painterly soft shading, muted natural palette.","The Pacific edge of Las Flores 2077: fishing boats moored in a working harbour, seafood market stalls along the waterfront, salt-worn docks and coiled ropes. The tide is rising beneath a misty coastal sky as harbour lights begin to glow. Maritime and salt-worn. Re-light the coast with a golden-hour sunset: warm amber over the water and boat hulls, long shadows on the docks, the market stalls catching the last light. Same layout, same graphic novel style, no people. Clean confident linework with vector-like cleanliness, painterly soft shading, muted natural palette. NO androids, no robots, no cybernetic humans, no extreme violence, no blood, no gore, no dismemberment, no guns, no modern day, no 2020s, no utopian, no pristine",5:3,1
content/scenes/parque_atracciones/assets/parque_atracciones__night.png,parque_atracciones,night,content/scenes/parque_atracciones/assets/parque_atracciones__default.png,s3://las-flores/backgrounds/parque_atracciones/parque_atracciones__default.png,"Use the base scene as reference. Re-light the midway as a night scene: carnival lights and holographic projections blazing bright against a dark sky, saturated neon, the ride frames glowing, deep shadows between stalls. Same layout, same graphic novel style, no people. Clean confident linework with vector-like cleanliness, painterly soft shading, muted natural palette.","Use the base scene as reference. Re-light the midway as a night scene: carnival lights and holographic projections blazing bright against a dark sky, saturated neon, the ride frames glowing, deep shadows between stalls. Same layout, same graphic novel style, no people. Clean confident linework with vector-like cleanliness, painterly soft shading, muted natural palette.","The central midway of the Parque de Atracciones in Las Flores 2077. Holographic overlays transform aged mechanical ride frames into vivid spectacle, bright carnival lights and sponsor kiosks line both sides of the walkway. Stimulating and saturated. Re-light the midway as a night scene: carnival lights and holographic projections blazing bright against a dark sky, saturated neon, the ride frames glowing, deep shadows between stalls. Same layout, same graphic novel style, no people. Clean confident linework with vector-like cleanliness, painterly soft shading, muted natural palette. NO androids, no robots, no cybernetic humans, no extreme violence, no blood, no gore, no dismemberment, no guns, no modern day, no 2020s, no utopian, no pristine",5:3,1
content/scenes/parque_atracciones/assets/parque_atracciones__sunset.png,parque_atracciones,sunset,content/scenes/parque_atracciones/assets/parque_atracciones__default.png,s3://las-flores/backgrounds/parque_atracciones/parque_atracciones__default.png,"Use the base scene as reference. Re-light the midway with a warm dusk sky: golden light mixing with the first neon, soft amber over the stalls and projections, long evening shadows. Same layout, same graphic novel style, no people. Clean confident linework with vector-like cleanliness, painterly soft shading, muted natural palette.","Use the base scene as reference. Re-light the midway with a warm dusk sky: golden light mixing with the first neon, soft amber over the stalls and projections, long evening shadows. Same layout, same graphic novel style, no people. Clean confident linework with vector-like cleanliness, painterly soft shading, muted natural palette.","The central midway of the Parque de Atracciones in Las Flores 2077. Holographic overlays transform aged mechanical ride frames into vivid spectacle, bright carnival lights and sponsor kiosks line both sides of the walkway. Stimulating and saturated. Re-light the midway with a warm dusk sky: golden light mixing with the first neon, soft amber over the stalls and projections, long evening shadows. Same layout, same graphic novel style, no people. Clean confident linework with vector-like cleanliness, painterly soft shading, muted natural palette. NO androids, no robots, no cybernetic humans, no extreme violence, no blood, no gore, no dismemberment, no guns, no modern day, no 2020s, no utopian, no pristine",5:3,1
content/scenes/rainy_street_motorcycle/assets/rainy_street_motorcycle__night.png,rainy_street_motorcycle,night,content/scenes/rainy_street_motorcycle/assets/rainy_street_motorcycle__default.png,s3://las-flores/backgrounds/rainy_street_motorcycle/rainy_street_motorcycle__default.png,"Use the base scene as reference. Re-light the scene as a deeper night: neon bleeding brighter, wet-asphalt reflections stronger, darker sky, the motorcycle's underglow more electric, cooler blue-magenta palette. Same cyberpunk neon-lit environment, same motorcycle, same street, no people. Clean confident linework with vector-like cleanliness, painterly soft shading, muted natural palette.","Use the base scene as reference. Re-light the scene as a deeper night: neon bleeding brighter, wet-asphalt reflections stronger, darker sky, the motorcycle's underglow more electric, cooler blue-magenta palette. Same cyberpunk neon-lit environment, same motorcycle, same street, no people. Clean confident linework with vector-like cleanliness, painterly soft shading, muted natural palette.","Rainy Street Motorcycle in Las Flores 2077. Cyberpunk aesthetic, neon-lit urban environment, rain-soaked asphalt reflecting electric blue underglow and crimson and amber neon from noodle stalls and chop shops. Re-light the scene as a deeper night: neon bleeding brighter, wet-asphalt reflections stronger, darker sky, the motorcycle's underglow more electric, cooler blue-magenta palette. Same cyberpunk neon-lit environment, same motorcycle, same street, no people. Clean confident linework with vector-like cleanliness, painterly soft shading, muted natural palette. NO androids, no robots, no cybernetic humans, no extreme violence, no blood, no gore, no dismemberment, no guns, no modern day, no 2020s, no utopian, no pristine",5:3,1
content/scenes/rainy_street_motorcycle/assets/rainy_street_motorcycle__sunset.png,rainy_street_motorcycle,sunset,content/scenes/rainy_street_motorcycle/assets/rainy_street_motorcycle__default.png,s3://las-flores/backgrounds/rainy_street_motorcycle/rainy_street_motorcycle__default.png,"Use the base scene as reference. Re-light the scene as golden hour: long shadows across the wet asphalt, amber underglow and warm neon, the motorcycle chrome catching orange light, the rain still falling. Same cyberpunk neon-lit environment, same motorcycle, same street, no people. Clean confident linework with vector-like cleanliness, painterly soft shading, muted natural palette.","Use the base scene as reference. Re-light the scene as golden hour: long shadows across the wet asphalt, amber underglow and warm neon, the motorcycle chrome catching orange light, the rain still falling. Same cyberpunk neon-lit environment, same motorcycle, same street, no people. Clean confident linework with vector-like cleanliness, painterly soft shading, muted natural palette.","Rainy Street Motorcycle in Las Flores 2077. Cyberpunk aesthetic, neon-lit urban environment, rain-soaked asphalt reflecting electric blue underglow and crimson and amber neon from noodle stalls and chop shops. Re-light the scene as golden hour: long shadows across the wet asphalt, amber underglow and warm neon, the motorcycle chrome catching orange light, the rain still falling. Same cyberpunk neon-lit environment, same motorcycle, same street, no people. Clean confident linework with vector-like cleanliness, painterly soft shading, muted natural palette. NO androids, no robots, no cybernetic humans, no extreme violence, no blood, no gore, no dismemberment, no guns, no modern day, no 2020s, no utopian, no pristine",5:3,1
content/scenes/rainy_street_motorcycle/assets/rainy_street_motorcycle__day.png,rainy_street_motorcycle,day,content/scenes/rainy_street_motorcycle/assets/rainy_street_motorcycle__default.png,s3://las-flores/backgrounds/rainy_street_motorcycle/rainy_street_motorcycle__default.png,"Use the base scene as reference. Re-light the scene as a clear dry day: dry asphalt, muted neon during daytime, harsher tropical light, the parked motorcycle with chrome catching white sun. Same cyberpunk neon-lit environment, same motorcycle, same street, no people. Clean confident linework with vector-like cleanliness, painterly soft shading, muted natural palette.","Use the base scene as reference. Re-light the scene as a clear dry day: dry asphalt, muted neon during daytime, harsher tropical light, the parked motorcycle with chrome catching white sun. Same cyberpunk neon-lit environment, same motorcycle, same street, no people. Clean confident linework with vector-like cleanliness, painterly soft shading, muted natural palette.","Rainy Street Motorcycle in Las Flores 2077. Cyberpunk aesthetic, neon-lit urban environment, rain-soaked asphalt reflecting electric blue underglow and crimson and amber neon from noodle stalls and chop shops. Steam rising from underground grates, chrome and carbon fiber glinting. Re-light the scene as a clear dry day: dry asphalt, muted neon during daytime, harsher tropical light, the parked motorcycle with chrome catching white sun. Same cyberpunk neon-lit environment, same motorcycle, same street, no people. Clean confident linework with vector-like cleanliness, painterly soft shading, muted natural palette. NO androids, no robots, no cybernetic humans, no extreme violence, no blood, no gore, no dismemberment, no guns, no modern day, no 2020s, no utopian, no pristine",5:3,1
content/scenes/school_classroom/assets/school_classroom__night.png,school_classroom,night,content/scenes/school_classroom/assets/school_classroom__default.png,s3://las-flores/backgrounds/school_classroom/school_classroom__default.png,"Use the base scene as reference. Re-light the classroom as a night scene: outside darkness, corporate billboard neon through the rain-streaked windows much brighter, electric shadows deeper across the desks, cool blue palette. Same layout, same graphic novel style, no people. Clean confident linework with vector-like cleanliness, painterly soft shading, muted natural palette.","Use the base scene as reference. Re-light the classroom as a night scene: outside darkness, corporate billboard neon through the rain-streaked windows much brighter, electric shadows deeper across the desks, cool blue palette. Same layout, same graphic novel style, no people. Clean confident linework with vector-like cleanliness, painterly soft shading, muted natural palette.","School Classroom in Las Flores 2077. Cyberpunk aesthetic, neon-lit urban environment, rain-streaked windows casting electric shadows across desks wired with biometric scanners, holographic projectors flickering above. Surveillance-grade tension in the humid, filtered air. Re-light the classroom as a night scene: outside darkness, corporate billboard neon through the rain-streaked windows much brighter, electric shadows deeper across the desks, cool blue palette. Same layout, same graphic novel style, no people. Clean confident linework with vector-like cleanliness, painterly soft shading, muted natural palette. NO androids, no robots, no cybernetic humans, no extreme violence, no blood, no gore, no dismemberment, no guns, no modern day, no 2020s, no utopian, no pristine",5:3,1
content/scenes/school_classroom/assets/school_classroom__sunset.png,school_classroom,sunset,content/scenes/school_classroom/assets/school_classroom__default.png,s3://las-flores/backgrounds/school_classroom/school_classroom__default.png,"Use the base scene as reference. Re-light the classroom with golden-hour sun through the windows: warm amber mixing with the neon streaks, long soft shadows across the scanner desks. Same layout, same graphic novel style, no people. Clean confident linework with vector-like cleanliness, painterly soft shading, muted natural palette.","Use the base scene as reference. Re-light the classroom with golden-hour sun through the windows: warm amber mixing with the neon streaks, long soft shadows across the scanner desks. Same layout, same graphic novel style, no people. Clean confident linework with vector-like cleanliness, painterly soft shading, muted natural palette.","School Classroom in Las Flores 2077. Cyberpunk aesthetic, neon-lit urban environment, rain-streaked windows casting electric shadows across desks wired with biometric scanners, holographic projectors flickering above. Surveillance-grade tension in the humid, filtered air. Re-light the classroom with golden-hour sun through the windows: warm amber mixing with the neon streaks, long soft shadows across the scanner desks. Same layout, same graphic novel style, no people. Clean confident linework with vector-like cleanliness, painterly soft shading, muted natural palette. NO androids, no robots, no cybernetic humans, no extreme violence, no blood, no gore, no dismemberment, no guns, no modern day, no 2020s, no utopian, no pristine",5:3,1
content/scenes/school_classroom/assets/school_classroom__day.png,school_classroom,day,content/scenes/school_classroom/assets/school_classroom__default.png,s3://las-flores/backgrounds/school_classroom/school_classroom__default.png,"Use the base scene as reference. Re-light the classroom as a clear dry day: bright natural daylight through the windows, no rain streaks, muted cooler light on the desks and holographic displays. Same layout, same graphic novel style, no people. Clean confident linework with vector-like cleanliness, painterly soft shading, muted natural palette.","Use the base scene as reference. Re-light the classroom as a clear dry day: bright natural daylight through the windows, no rain streaks, muted cooler light on the desks and holographic displays. Same layout, same graphic novel style, no people. Clean confident linework with vector-like cleanliness, painterly soft shading, muted natural palette.","School Classroom in Las Flores 2077. Cyberpunk aesthetic, neon-lit urban environment, rain-streaked windows casting electric shadows across desks wired with biometric scanners, holographic projectors flickering above. Surveillance-grade tension in the humid, filtered air. Re-light the classroom as a clear dry day: bright natural daylight through the windows, no rain streaks, muted cooler light on the desks and holographic displays. Same layout, same graphic novel style, no people. Clean confident linework with vector-like cleanliness, painterly soft shading, muted natural palette. NO androids, no robots, no cybernetic humans, no extreme violence, no blood, no gore, no dismemberment, no guns, no modern day, no 2020s, no utopian, no pristine",5:3,1
content/scenes/secondary_city_sunset/assets/secondary_city_sunset__night.png,secondary_city_sunset,night,content/scenes/secondary_city_sunset/assets/secondary_city_sunset__default.png,s3://las-flores/backgrounds/secondary_city_sunset/secondary_city_sunset__default.png,"Use the base scene as reference. Re-light the scene as a night version: the sun gone, smog and dark sky, neon agribusiness signs and holographic ads blazing brighter, reflections stronger in the wet furrows, cooler palette. Same layout, same graphic novel style, no people. Clean confident linework with vector-like cleanliness, painterly soft shading, muted natural palette.","Use the base scene as reference. Re-light the scene as a night version: the sun gone, smog and dark sky, neon agribusiness signs and holographic ads blazing brighter, reflections stronger in the wet furrows, cooler palette. Same layout, same graphic novel style, no people. Clean confident linework with vector-like cleanliness, painterly soft shading, muted natural palette.","Secondary City Sunset in Las Flores 2077. Cyberpunk aesthetic, neon-lit agrarian fringe: the sun bleeding through smog, holographic ads above rusting irrigation, neon agribusiness signs reflecting in rain-slicked furrows, amber-glow earth. Melancholic and transitional. Re-light the scene as a night version: the sun gone, smog and dark sky, neon agribusiness signs and holographic ads blazing brighter, reflections stronger in the wet furrows, cooler palette. Same layout, same graphic novel style, no people. Clean confident linework with vector-like cleanliness, painterly soft shading, muted natural palette. NO androids, no robots, no cybernetic humans, no extreme violence, no blood, no gore, no dismemberment, no guns, no modern day, no 2020s, no utopian, no pristine",5:3,1
content/scenes/secondary_city_sunset/assets/secondary_city_sunset__day.png,secondary_city_sunset,day,content/scenes/secondary_city_sunset/assets/secondary_city_sunset__default.png,s3://las-flores/backgrounds/secondary_city_sunset/secondary_city_sunset__default.png,"Use the base scene as reference. Re-light the scene as a clear dry day: bright flat daylight through thin smog, dry terraced fields, muted neon, harsher tropical light on the irrigation systems. Same layout, same graphic novel style, no people. Clean confident linework with vector-like cleanliness, painterly soft shading, muted natural palette.","Use the base scene as reference. Re-light the scene as a clear dry day: bright flat daylight through thin smog, dry terraced fields, muted neon, harsher tropical light on the irrigation systems. Same layout, same graphic novel style, no people. Clean confident linework with vector-like cleanliness, painterly soft shading, muted natural palette.","Secondary City Sunset in Las Flores 2077. Cyberpunk aesthetic, neon-lit agrarian fringe: the sun bleeding through smog, holographic ads above rusting irrigation, neon agribusiness signs reflecting in rain-slicked furrows, amber-glow earth. Melancholic and transitional. Re-light the scene as a clear dry day: bright flat daylight through thin smog, dry terraced fields, muted neon, harsher tropical light on the irrigation systems. Same layout, same graphic novel style, no people. Clean confident linework with vector-like cleanliness, painterly soft shading, muted natural palette. NO androids, no robots, no cybernetic humans, no extreme violence, no blood, no gore, no dismemberment, no guns, no modern day, no 2020s, no utopian, no pristine",5:3,1
content/scenes/southeast/assets/southeast__night.png,southeast,night,content/scenes/southeast/assets/southeast__default.png,s3://las-flores/backgrounds/southeast/southeast__default.png,"Use the base scene as reference. Re-light the barrio as a night scene: warm streetlights and a few neon accents lighting the murals, the painted walls glowing in the dark, cool shadows on the street. Same layout, same graphic novel style, no people. Clean confident linework with vector-like cleanliness, painterly soft shading, muted natural palette.","Use the base scene as reference. Re-light the barrio as a night scene: warm streetlights and a few neon accents lighting the murals, the painted walls glowing in the dark, cool shadows on the street. Same layout, same graphic novel style, no people. Clean confident linework with vector-like cleanliness, painterly soft shading, muted natural palette.","A vibrant residential street in the Southeast Barrio of Las Flores 2077. Murals cover every wall, stories of resistance and hope in vivid paint, laundry lines stretch overhead, a small community park opens between the colorful façades. Warm afternoon sun, resilient and expressive. Re-light the barrio as a night scene: warm streetlights and a few neon accents lighting the murals, the painted walls glowing in the dark, cool shadows on the street. Same layout, same graphic novel style, no people. Clean confident linework with vector-like cleanliness, painterly soft shading, muted natural palette. NO androids, no robots, no cybernetic humans, no extreme violence, no blood, no gore, no dismemberment, no guns, no modern day, no 2020s, no utopian, no pristine",5:3,1
content/scenes/southeast/assets/southeast__sunset.png,southeast,sunset,content/scenes/southeast/assets/southeast__default.png,s3://las-flores/backgrounds/southeast/southeast__default.png,"Use the base scene as reference. Re-light the barrio with a golden sunset: warm amber light raking across the murals, long shadows, the painted colors deepened and glowing. Same layout, same graphic novel style, no people. Clean confident linework with vector-like cleanliness, painterly soft shading, muted natural palette.","Use the base scene as reference. Re-light the barrio with a golden sunset: warm amber light raking across the murals, long shadows, the painted colors deepened and glowing. Same layout, same graphic novel style, no people. Clean confident linework with vector-like cleanliness, painterly soft shading, muted natural palette.","A vibrant residential street in the Southeast Barrio of Las Flores 2077. Murals cover every wall, stories of resistance and hope in vivid paint, laundry lines stretch overhead, a small community park opens between the colorful façades. Warm afternoon sun, resilient and expressive. Re-light the barrio with a golden sunset: warm amber light raking across the murals, long shadows, the painted colors deepened and glowing. Same layout, same graphic novel style, no people. Clean confident linework with vector-like cleanliness, painterly soft shading, muted natural palette. NO androids, no robots, no cybernetic humans, no extreme violence, no blood, no gore, no dismemberment, no guns, no modern day, no 2020s, no utopian, no pristine",5:3,1
content/scenes/the_apartment/assets/the_apartment__night.png,the_apartment,night,content/scenes/the_apartment/assets/the_apartment__default.png,s3://las-flores/backgrounds/the_apartment/the_apartment__default.png,"Use the base scene as reference. Re-light the apartment as a deep night scene: the room darker, neon streetlight through the rain-streaked window much brighter and cooler, sharp shadows on the white walls. Same layout, same graphic novel style, no people. Clean confident linework with vector-like cleanliness, painterly soft shading, muted natural palette.","Use the base scene as reference. Re-light the apartment as a deep night scene: the room darker, neon streetlight through the rain-streaked window much brighter and cooler, sharp shadows on the white walls. Same layout, same graphic novel style, no people. Clean confident linework with vector-like cleanliness, painterly soft shading, muted natural palette.","A small, sterile apartment in the N&M LTD residential block of Las Flores 2077. White walls, minimal furniture, one window onto the neon streets below. Rain streaks the glass, casting shifting neon light across the room, cool and tense. Re-light the apartment as a deep night scene: the room darker, neon streetlight through the rain-streaked window much brighter and cooler, sharp shadows on the white walls. Same layout, same graphic novel style, no people. Clean confident linework with vector-like cleanliness, painterly soft shading, muted natural palette. NO androids, no robots, no cybernetic humans, no extreme violence, no blood, no gore, no dismemberment, no guns, no modern day, no 2020s, no utopian, no pristine",5:3,1
content/scenes/the_apartment/assets/the_apartment__sunset.png,the_apartment,sunset,content/scenes/the_apartment/assets/the_apartment__default.png,s3://las-flores/backgrounds/the_apartment/the_apartment__default.png,"Use the base scene as reference. Re-light the apartment with golden-hour light through the window: warm amber washes across the white walls and minimal furniture, the rain catching afternoon light. Same layout, same graphic novel style, no people. Clean confident linework with vector-like cleanliness, painterly soft shading, muted natural palette.","Use the base scene as reference. Re-light the apartment with golden-hour light through the window: warm amber washes across the white walls and minimal furniture, the rain catching afternoon light. Same layout, same graphic novel style, no people. Clean confident linework with vector-like cleanliness, painterly soft shading, muted natural palette.","A small, sterile apartment in the N&M LTD residential block of Las Flores 2077. White walls, minimal furniture, one window onto the neon streets below. Rain streaks the glass, casting shifting neon light across the room, cool and tense. Re-light the apartment with golden-hour light through the window: warm amber washes across the white walls and minimal furniture, the rain catching afternoon light. Same layout, same graphic novel style, no people. Clean confident linework with vector-like cleanliness, painterly soft shading, muted natural palette. NO androids, no robots, no cybernetic humans, no extreme violence, no blood, no gore, no dismemberment, no guns, no modern day, no 2020s, no utopian, no pristine",5:3,1
content/scenes/the_apartment/assets/the_apartment__day.png,the_apartment,day,content/scenes/the_apartment/assets/the_apartment__default.png,s3://las-flores/backgrounds/the_apartment/the_apartment__default.png,"Use the base scene as reference. Re-light the apartment as a clear dry day: bright natural daylight through the window, no rain on the glass, muted white interior with crisp shadows. Same layout, same graphic novel style, no people. Clean confident linework with vector-like cleanliness, painterly soft shading, muted natural palette.","Use the base scene as reference. Re-light the apartment as a clear dry day: bright natural daylight through the window, no rain on the glass, muted white interior with crisp shadows. Same layout, same graphic novel style, no people. Clean confident linework with vector-like cleanliness, painterly soft shading, muted natural palette.","A small, sterile apartment in the N&M LTD residential block of Las Flores 2077. White walls, minimal furniture, one window onto the neon streets below. Rain streaks the glass, casting shifting neon light across the room, cool and tense. Re-light the apartment as a clear dry day: bright natural daylight through the window, no rain on the glass, muted white interior with crisp shadows. Same layout, same graphic novel style, no people. Clean confident linework with vector-like cleanliness, painterly soft shading, muted natural palette. NO androids, no robots, no cybernetic humans, no extreme violence, no blood, no gore, no dismemberment, no guns, no modern day, no 2020s, no utopian, no pristine",5:3,1
content/scenes/welcome_center/assets/welcome_center__night.png,welcome_center,night,content/scenes/welcome_center/assets/welcome_center__default.png,s3://las-flores/backgrounds/welcome_center/welcome_center__default.png,"Use the base scene as reference. Re-light the hall as a night scene: the glass walls dark, the holographic map and monorail lights brighter, rain streaks glowing with city neon, cooler palette. Same layout, same graphic novel style, no people. Clean confident linework with vector-like cleanliness, painterly soft shading, muted natural palette.","Use the base scene as reference. Re-light the hall as a night scene: the glass walls dark, the holographic map and monorail lights brighter, rain streaks glowing with city neon, cooler palette. Same layout, same graphic novel style, no people. Clean confident linework with vector-like cleanliness, painterly soft shading, muted natural palette.","The official welcome center of Las Flores 2077: a sleek, modern processing hall. A large holographic map cycles district data, orientation kiosks and desks line the clean floor, and the monorail station glows through rain-streaked glass. Polished, neutral, efficient. Re-light the hall as a night scene: the glass walls dark, the holographic map and monorail lights brighter, rain streaks glowing with city neon, cooler palette. Same layout, same graphic novel style, no people. Clean confident linework with vector-like cleanliness, painterly soft shading, muted natural palette. NO androids, no robots, no cybernetic humans, no extreme violence, no blood, no gore, no dismemberment, no guns, no modern day, no 2020s, no utopian, no pristine",5:3,1
content/scenes/welcome_center/assets/welcome_center__sunset.png,welcome_center,sunset,content/scenes/welcome_center/assets/welcome_center__default.png,s3://las-flores/backgrounds/welcome_center/welcome_center__default.png,"Use the base scene as reference. Re-light the hall with golden-hour light through the glass walls: warm amber over the floor and kiosks, the holographic map catching soft light, long reflections. Same layout, same graphic novel style, no people. Clean confident linework with vector-like cleanliness, painterly soft shading, muted natural palette.","Use the base scene as reference. Re-light the hall with golden-hour light through the glass walls: warm amber over the floor and kiosks, the holographic map catching soft light, long reflections. Same layout, same graphic novel style, no people. Clean confident linework with vector-like cleanliness, painterly soft shading, muted natural palette.","The official welcome center of Las Flores 2077: a sleek, modern processing hall. A large holographic map cycles district data, orientation kiosks and desks line the clean floor, and the monorail station glows through rain-streaked glass. Polished, neutral, efficient. Re-light the hall with golden-hour light through the glass walls: warm amber over the floor and kiosks, the holographic map catching soft light, long reflections. Same layout, same graphic novel style, no people. Clean confident linework with vector-like cleanliness, painterly soft shading, muted natural palette. NO androids, no robots, no cybernetic humans, no extreme violence, no blood, no gore, no dismemberment, no guns, no modern day, no 2020s, no utopian, no pristine",5:3,1
content/scenes/welcome_center/assets/welcome_center__day.png,welcome_center,day,content/scenes/welcome_center/assets/welcome_center__default.png,s3://las-flores/backgrounds/welcome_center/welcome_center__default.png,"Use the base scene as reference. Re-light the hall as a clear dry day: bright daylight through the glass, no rain streaks, crisp clean light on the desks and map. Same layout, same graphic novel style, no people. Clean confident linework with vector-like cleanliness, painterly soft shading, muted natural palette.","Use the base scene as reference. Re-light the hall as a clear dry day: bright daylight through the glass, no rain streaks, crisp clean light on the desks and map. Same layout, same graphic novel style, no people. Clean confident linework with vector-like cleanliness, painterly soft shading, muted natural palette.","The official welcome center of Las Flores 2077: a sleek, modern processing hall. A large holographic map cycles district data, orientation kiosks and desks line the clean floor, and the monorail station glows through rain-streaked glass. Polished, neutral, efficient. Re-light the hall as a clear dry day: bright daylight through the glass, no rain streaks, crisp clean light on the desks and map. Same layout, same graphic novel style, no people. Clean confident linework with vector-like cleanliness, painterly soft shading, muted natural palette. NO androids, no robots, no cybernetic humans, no extreme violence, no blood, no gore, no dismemberment, no guns, no modern day, no 2020s, no utopian, no pristine",5:3,1
